id;caption;date;status;recipe_id;user_id
1;Saint Helena Pound mesh;2020-11-04T03:21:06;INACTIVE;1;1
2;Steel leading-edge;2020-11-04T05:53:48;ACTIVE;2;2
3;next-generation magenta;2020-11-04T05:11:39;ACTIVE;3;1
4;synthesizing Markets;2020-11-04T01:16:28;INACTIVE;4;1
5;Suriname Handmade Common;2020-11-03T23:37:14;INACTIVE;5;1
6;Illinois Identity;2020-11-03T23:53:40;BLOCKED;6;1
7;Licensed Soft Shoes;2020-11-03T18:53:10;ACTIVE;7;1
8;Netherlands;2020-11-04T15:21:35;BLOCKED;8;2
9;navigate Soft;2020-11-04T05:40:25;INACTIVE;9;2
10;withdrawal XSS;2020-11-04T10:37:44;ACTIVE;10;2
