id;description;birth_date;image;image_content_type;status
1;Solutions;2020-11-04;../fake-data/blob/hipster.png;image/png;ACTIVE
2;payment Canada Automotive;2020-11-04;../fake-data/blob/hipster.png;image/png;INACTIVE
3;XML withdrawal;2020-11-04;../fake-data/blob/hipster.png;image/png;ACTIVE
4;Future;2020-11-04;../fake-data/blob/hipster.png;image/png;PENDING
5;24/7;2020-11-04;../fake-data/blob/hipster.png;image/png;ACTIVE
6;static;2020-11-04;../fake-data/blob/hipster.png;image/png;INACTIVE
7;navigate Unbranded Soft Sausages;2020-11-04;../fake-data/blob/hipster.png;image/png;ACTIVE
8;Intranet;2020-11-04;../fake-data/blob/hipster.png;image/png;INACTIVE
9;California;2020-11-03;../fake-data/blob/hipster.png;image/png;PENDING
10;Security;2020-11-04;../fake-data/blob/hipster.png;image/png;ACTIVE
